<Ui xmlns="http://www.blizzard.com/wow/ui/" xmlns:xsi="http://www.w3.org/2001/XMLSchema-instance" xsi:schemaLocation="http://www.blizzard.com/wow/ui/
C:\Projects\WoW\Bin\Interface\FrameXML\UI.xsd">
	<Script file="ChatColorSync.lua"/>

	<Frame name="ChatColorSync" hidden="true">
		<Scripts>
			<OnLoad>
				this:RegisterEvent("PLAYER_ENTERING_WORLD")
				this:RegisterEvent("PLAYER_LEAVING_WORLD")
			</OnLoad>
			<OnEvent>
				ChatColorSync_OnEvent(self, event, ...)
			</OnEvent>
		</Scripts>
	</Frame>
</Ui>
